<?xml version="1.0" encoding="UTF-8"?>
<!DOCTYPE struts PUBLIC
"-//Apache Software Foundation//DTD Struts Configuration 2.5//EN"
"http://struts.apache.org/dtds/struts-2.5.dtd">

<struts>
	<package name="default" namespace="/" extends="struts-default"
		strict-method-invocation="false">
		<global-allowed-methods>regex:.*</global-allowed-methods>
	</package>

	<package name="users" namespace="/users" extends="default">

		<action name="*_*" class="action.{1}Action" method="{2}">
			<result name="login_success">/users/Users_login_success.jsp</result>
			<result name="login_failure">/users/Users_login.jsp</result>
			<result name="logout_success">/users/Users_login.jsp</result>
			<result name="input">/users/Users_login.jsp</result>
		</action>
	</package>

	<package name="students" namespace="/students" extends="default">
		<action name="*_*" class="action.{1}Action" method="{2}">
			<result name="query_success">/students/Students_query_success.jsp</result>
			<result name="delete_success" type="chain">Students_query</result>
			<result name="add_success">/students/Students_add_success.jsp</result>
			<result name="modify_success">/students/Students_modify.jsp</result>
			<result name="save_success">/students/Students_modify_success.jsp</result>
		</action>
	</package>
</struts>