<?xml version="1.0"?>
<!DOCTYPE hibernate-mapping PUBLIC "-//Hibernate/Hibernate Mapping DTD 3.0//EN"
"http://hibernate.sourceforge.net/hibernate-mapping-3.0.dtd">
<!-- Generated 2019-6-26 15:04:51 by Hibernate Tools 3.5.0.Final -->
<hibernate-mapping>
    <class name="entity.Students" table="STUDENTS">
        <id name="sid" type="java.lang.String" length="8">
            <column name="SID" />
            <generator class="assigned" />
        </id>
        <property name="sname" type="java.lang.String">
            <column name="SNAME" />
        </property>
        <property name="gender" type="java.lang.String">
            <column name="GENDER" />
        </property>
        <property name="birthday" type="date">
            <column name="BIRTHDAY" />
        </property>
        <property name="address" type="java.lang.String">
            <column name="ADDRESS" />
        </property>
    </class>
</hibernate-mapping>
