<?xml version="1.0"?>
<!DOCTYPE hibernate-mapping PUBLIC "-//Hibernate/Hibernate Mapping DTD 3.0//EN"
"http://hibernate.sourceforge.net/hibernate-mapping-3.0.dtd">
<!-- Generated 2019-6-22 13:09:45 by Hibernate Tools 3.5.0.Final -->
<hibernate-mapping>
    <class name="Students" table="STUDENTS">
        <id name="sid" type="int">
            <column name="SID" />
            <generator class="assigned" />
        </id>
        <property name="name" type="java.lang.String">
            <column name="NAME" />
        </property>
        <property name="gender" type="java.lang.String">
            <column name="GENDER" />
        </property>
        <property name="birthday" type="java.util.Date">
            <column name="BIRTHDAY" />
        </property>
        <property name="adress" type="java.lang.String">
            <column name="ADRESS" />
        </property>
    </class>
</hibernate-mapping>
